ID;school;sex;age;address;famsize;Pstatus;Medu;Fedu;Mjob;Fjob;reason;guardian;traveltime;studytime;failures;schoolsup;famsup;paid;activities;nursery;higher;internet;romantic;famrel;freetime;goout;Dalc;Walc;health;absences
0;GP;F;18;U;GT3;A;4;4;at_home;teacher;course;mother;2;2;0;yes;no;no;no;yes;yes;no;no;4;3;4;1;1;3;6
1;GP;F;17;U;GT3;T;1;1;at_home;other;course;father;1;2;0;no;yes;no;no;no;yes;yes;no;5;3;3;1;1;3;4
2;GP;F;15;U;LE3;T;1;1;at_home;other;other;mother;1;2;3;yes;no;yes;no;yes;yes;yes;no;4;3;2;2;3;3;10
3;GP;F;15;U;GT3;T;4;2;health;services;home;mother;1;3;0;no;yes;yes;yes;yes;yes;yes;yes;3;2;2;1;1;5;2
4;GP;F;16;U;GT3;T;3;3;other;other;home;father;1;2;0;no;yes;yes;no;yes;yes;no;no;4;3;2;1;2;5;4
5;GP;M;16;U;LE3;T;4;3;services;other;reputation;mother;1;2;0;no;yes;yes;yes;yes;yes;yes;no;5;4;2;1;2;5;10
6;GP;M;16;U;LE3;T;2;2;other;other;home;mother;1;2;0;no;no;no;no;yes;yes;yes;no;4;4;4;1;1;3;0
7;GP;F;17;U;GT3;A;4;4;other;teacher;home;mother;2;2;0;yes;yes;no;no;yes;yes;no;no;4;1;4;1;1;1;6
8;GP;M;15;U;LE3;A;3;2;services;other;home;mother;1;2;0;no;yes;yes;no;yes;yes;yes;no;4;2;2;1;1;1;0
9;GP;M;15;U;GT3;T;3;4;other;other;home;mother;1;2;0;no;yes;yes;yes;yes;yes;yes;no;5;5;1;1;1;5;0
10;GP;F;15;U;GT3;T;4;4;teacher;health;reputation;mother;1;2;0;no;yes;yes;no;yes;yes;yes;no;3;3;3;1;2;2;0
11;GP;F;15;U;GT3;T;2;1;services;other;reputation;father;3;3;0;no;yes;no;yes;yes;yes;yes;no;5;2;2;1;1;4;4
12;GP;M;15;U;LE3;T;4;4;health;services;course;father;1;1;0;no;yes;yes;yes;yes;yes;yes;no;4;3;3;1;3;5;2
13;GP;M;15;U;GT3;T;4;3;teacher;other;course;mother;2;2;0;no;yes;yes;no;yes;yes;yes;no;5;4;3;1;2;3;2
14;GP;M;15;U;GT3;A;2;2;other;other;home;other;1;3;0;no;yes;no;no;yes;yes;yes;yes;4;5;2;1;1;3;0
15;GP;F;16;U;GT3;T;4;4;health;other;home;mother;1;1;0;no;yes;no;no;yes;yes;yes;no;4;4;4;1;2;2;4
16;GP;F;16;U;GT3;T;4;4;services;services;reputation;mother;1;3;0;no;yes;yes;yes;yes;yes;yes;no;3;2;3;1;2;2;6
17;GP;F;16;U;GT3;T;3;3;other;other;reputation;mother;3;2;0;yes;yes;no;yes;yes;yes;no;no;5;3;2;1;1;4;4
18;GP;M;17;U;GT3;T;3;2;services;services;course;mother;1;1;3;no;yes;no;yes;yes;yes;yes;no;5;5;5;2;4;5;16
19;GP;M;16;U;LE3;T;4;3;health;other;home;father;1;1;0;no;no;yes;yes;yes;yes;yes;no;3;1;3;1;3;5;4
20;GP;M;15;U;GT3;T;4;3;teacher;other;reputation;mother;1;2;0;no;no;no;no;yes;yes;yes;no;4;4;1;1;1;1;0
21;GP;M;15;U;GT3;T;4;4;health;health;other;father;1;1;0;no;yes;yes;no;yes;yes;yes;no;5;4;2;1;1;5;0
22;GP;M;16;U;LE3;T;4;2;teacher;other;course;mother;1;2;0;no;no;no;yes;yes;yes;yes;no;4;5;1;1;3;5;2
23;GP;M;16;U;LE3;T;2;2;other;other;reputation;mother;2;2;0;no;yes;no;yes;yes;yes;yes;no;5;4;4;2;4;5;0
24;GP;F;15;R;GT3;T;2;4;services;health;course;mother;1;3;0;yes;yes;yes;yes;yes;yes;yes;no;4;3;2;1;1;5;2
25;GP;F;16;U;GT3;T;2;2;services;services;home;mother;1;1;2;no;yes;yes;no;no;yes;yes;no;1;2;2;1;3;5;14
26;GP;M;15;U;GT3;T;2;2;other;other;home;mother;1;1;0;no;yes;yes;no;yes;yes;yes;no;4;2;2;1;2;5;2
27;GP;M;15;U;GT3;T;4;2;health;services;other;mother;1;1;0;no;no;yes;no;yes;yes;yes;no;2;2;4;2;4;1;4
28;GP;M;16;U;LE3;A;3;4;services;other;home;mother;1;2;0;yes;yes;no;yes;yes;yes;yes;no;5;3;3;1;1;5;4
29;GP;M;16;U;GT3;T;4;4;teacher;teacher;home;mother;1;2;0;no;yes;yes;yes;yes;yes;yes;yes;4;4;5;5;5;5;16
30;GP;M;15;U;GT3;T;4;4;health;services;home;mother;1;2;0;no;yes;yes;no;no;yes;yes;no;5;4;2;3;4;5;0
31;GP;M;15;U;GT3;T;4;4;services;services;reputation;mother;2;2;0;no;yes;no;yes;yes;yes;yes;no;4;3;1;1;1;5;0
32;GP;M;15;R;GT3;T;4;3;teacher;at_home;course;mother;1;2;0;no;yes;no;yes;yes;yes;yes;yes;4;5;2;1;1;5;0
33;GP;M;15;U;LE3;T;3;3;other;other;course;mother;1;2;0;no;no;no;yes;no;yes;yes;no;5;3;2;1;1;2;0
34;GP;M;16;U;GT3;T;3;2;other;other;home;mother;1;1;0;no;yes;yes;no;no;yes;yes;no;5;4;3;1;1;5;0
35;GP;F;15;U;GT3;T;2;3;other;other;other;father;2;1;0;no;yes;no;yes;yes;yes;no;no;3;5;1;1;1;5;0
36;GP;M;15;U;LE3;T;4;3;teacher;services;home;mother;1;3;0;no;yes;no;yes;yes;yes;yes;no;5;4;3;1;1;4;2
37;GP;M;16;R;GT3;A;4;4;other;teacher;reputation;mother;2;3;0;no;yes;no;yes;yes;yes;yes;yes;2;4;3;1;1;5;7
38;GP;F;15;R;GT3;T;3;4;services;health;course;mother;1;3;0;yes;yes;yes;yes;yes;yes;yes;no;4;3;2;1;1;5;2
39;GP;F;15;R;GT3;T;2;2;at_home;other;reputation;mother;1;1;0;yes;yes;yes;yes;yes;yes;no;no;4;3;1;1;1;2;8
40;GP;F;16;U;LE3;T;2;2;other;other;home;mother;2;2;1;no;yes;no;yes;no;yes;yes;yes;3;3;3;1;2;3;25
41;GP;M;15;U;LE3;T;4;4;teacher;other;home;other;1;1;0;no;yes;no;no;no;yes;yes;yes;5;4;3;2;4;5;8
42;GP;M;15;U;GT3;T;4;4;services;teacher;course;father;1;2;0;no;yes;no;yes;yes;yes;yes;no;4;3;3;1;1;5;2
43;GP;M;15;U;GT3;T;2;2;services;services;course;father;1;1;0;yes;yes;no;no;yes;yes;yes;no;5;4;1;1;1;1;0
44;GP;F;16;U;LE3;T;2;2;other;at_home;course;father;2;2;1;yes;no;no;yes;yes;yes;yes;no;4;3;3;2;2;5;14
45;GP;F;15;U;LE3;A;4;3;other;other;course;mother;1;2;0;yes;yes;yes;yes;yes;yes;yes;yes;5;2;2;1;1;5;8
46;GP;F;16;U;LE3;A;3;3;other;services;home;mother;1;2;0;no;yes;no;no;yes;yes;yes;no;2;3;5;1;4;3;12
47;GP;M;16;U;GT3;T;4;3;health;services;reputation;mother;1;4;0;no;no;no;yes;yes;yes;yes;no;4;2;2;1;1;2;4
48;GP;M;15;U;GT3;T;4;2;teacher;other;home;mother;1;2;0;no;yes;yes;no;yes;yes;no;no;4;3;3;2;2;5;2
49;GP;F;15;U;GT3;T;4;4;services;teacher;other;father;1;2;1;yes;yes;no;yes;no;yes;yes;no;4;4;4;1;1;3;2
50;GP;F;16;U;LE3;T;2;2;services;services;course;mother;3;2;0;no;yes;yes;no;yes;yes;yes;no;4;3;3;2;3;4;2
51;GP;F;15;U;LE3;T;4;2;health;other;other;mother;1;2;0;no;yes;yes;no;yes;yes;yes;no;4;3;3;1;1;5;2
52;GP;M;15;U;LE3;A;4;2;health;health;other;father;2;1;1;no;no;no;no;yes;yes;no;no;5;5;5;3;4;5;6
53;GP;F;15;U;GT3;T;4;4;services;services;course;mother;1;1;0;yes;yes;yes;no;yes;yes;yes;no;3;3;4;2;3;5;0
54;GP;F;15;U;LE3;A;3;3;other;other;other;mother;1;1;0;no;no;yes;no;yes;yes;yes;no;5;3;4;4;4;1;6
55;GP;F;16;U;GT3;A;2;1;other;other;other;mother;1;2;0;no;no;yes;yes;yes;yes;yes;yes;5;3;4;1;1;2;8
56;GP;F;15;U;GT3;A;4;3;services;services;reputation;mother;1;2;0;no;yes;yes;yes;yes;yes;yes;no;4;3;2;1;1;1;0
57;GP;M;15;U;GT3;T;4;4;teacher;health;reputation;mother;1;2;0;no;yes;no;yes;yes;yes;no;no;3;2;2;1;1;5;4
58;GP;M;15;U;LE3;T;1;2;other;at_home;home;father;1;2;0;yes;yes;no;yes;yes;yes;yes;no;4;3;2;1;1;5;2
59;GP;F;16;U;GT3;T;4;2;services;other;course;mother;1;2;0;no;yes;no;no;yes;yes;yes;no;4;2;3;1;1;5;2
60;GP;F;16;R;GT3;T;4;4;health;teacher;other;mother;1;2;0;no;yes;no;yes;yes;yes;no;no;2;4;4;2;3;4;6
61;GP;F;16;U;GT3;T;1;1;services;services;course;father;4;1;0;yes;yes;no;yes;no;yes;yes;yes;5;5;5;5;5;5;6
62;GP;F;16;U;LE3;T;1;2;other;services;reputation;father;1;2;0;yes;no;no;yes;yes;yes;yes;no;4;4;3;1;1;1;4
63;GP;F;16;U;GT3;T;4;3;teacher;health;home;mother;1;3;0;yes;yes;yes;yes;yes;yes;yes;no;3;4;4;2;4;4;2
64;GP;F;15;U;LE3;T;4;3;services;services;reputation;father;1;2;0;yes;no;no;yes;yes;yes;yes;yes;4;4;4;2;4;2;0
65;GP;F;16;U;LE3;T;4;3;teacher;services;course;mother;3;2;0;no;yes;no;yes;yes;yes;yes;no;5;4;3;1;2;1;2
66;GP;M;15;U;GT3;A;4;4;other;services;reputation;mother;1;4;0;no;yes;no;yes;no;yes;yes;yes;1;3;3;5;5;3;4
67;GP;F;16;U;GT3;T;3;1;services;other;course;mother;1;4;0;yes;yes;yes;no;yes;yes;yes;no;4;3;3;1;2;5;4
68;GP;F;15;R;LE3;T;2;2;health;services;reputation;mother;2;2;0;yes;yes;yes;no;yes;yes;yes;no;4;1;3;1;3;4;2
69;GP;F;15;R;LE3;T;3;1;other;other;reputation;father;2;4;0;no;yes;no;no;no;yes;yes;no;4;4;2;2;3;3;12
70;GP;M;16;U;GT3;T;3;1;other;other;reputation;father;2;4;0;no;yes;yes;no;yes;yes;yes;no;4;3;2;1;1;5;0
71;GP;M;15;U;GT3;T;4;2;other;other;course;mother;1;4;0;no;no;no;no;yes;yes;yes;no;3;3;3;1;1;3;0
72;GP;F;15;R;GT3;T;1;1;other;other;reputation;mother;1;2;2;yes;yes;no;no;no;yes;yes;yes;3;3;4;2;4;5;2
73;GP;M;16;U;GT3;T;3;1;other;other;reputation;mother;1;1;0;no;no;no;yes;yes;yes;no;no;5;3;2;2;2;5;2
74;GP;F;16;U;GT3;T;3;3;other;services;home;mother;1;2;0;yes;yes;yes;yes;yes;yes;yes;no;4;3;3;2;4;5;54
75;GP;M;15;U;GT3;T;4;3;teacher;other;home;mother;1;2;0;no;yes;yes;yes;yes;yes;yes;no;4;3;3;2;3;5;6
76;GP;M;15;U;GT3;T;4;0;teacher;other;course;mother;2;4;0;no;no;no;yes;yes;yes;yes;no;3;4;3;1;1;1;8
77;GP;F;16;U;GT3;T;2;2;other;other;reputation;mother;1;4;0;no;no;yes;no;yes;yes;yes;yes;5;2;3;1;3;3;0
78;GP;M;17;U;GT3;T;2;1;other;other;home;mother;2;1;3;yes;yes;no;yes;yes;no;yes;no;4;5;1;1;1;3;2
79;GP;F;16;U;GT3;T;3;4;at_home;other;course;mother;1;2;0;no;yes;no;no;yes;yes;yes;no;2;4;3;1;2;3;12
80;GP;M;15;U;GT3;T;2;3;other;services;course;father;1;1;0;yes;yes;yes;yes;no;yes;yes;yes;3;2;2;1;3;3;2
81;GP;M;15;U;GT3;T;2;3;other;other;home;mother;1;3;0;yes;no;yes;no;no;yes;yes;no;5;3;2;1;2;5;4
82;GP;F;15;U;LE3;T;3;2;services;other;reputation;mother;1;2;0;no;yes;yes;no;yes;yes;yes;no;4;4;4;1;1;5;10
83;GP;M;15;U;LE3;T;2;2;services;services;home;mother;2;2;0;no;no;yes;yes;yes;yes;yes;no;5;3;3;1;3;4;4
84;GP;F;15;U;GT3;T;1;1;other;other;home;father;1;2;0;no;yes;no;yes;no;yes;yes;no;4;3;2;2;3;4;2
85;GP;F;15;U;GT3;T;4;4;services;services;reputation;father;2;2;2;no;no;yes;no;yes;yes;yes;yes;4;4;4;2;3;5;6
86;GP;F;16;U;LE3;T;2;2;at_home;other;course;mother;1;2;0;no;yes;no;no;yes;yes;no;no;4;3;4;1;2;2;4
87;GP;F;15;U;GT3;T;4;2;other;other;reputation;mother;1;3;0;no;yes;no;yes;yes;yes;yes;no;5;3;3;1;3;1;4
88;GP;M;16;U;GT3;T;2;2;services;other;reputation;father;2;2;1;no;no;yes;yes;no;yes;yes;no;4;4;2;1;1;3;12
89;GP;M;16;U;LE3;A;4;4;teacher;health;reputation;mother;1;2;0;no;yes;no;no;yes;yes;no;no;4;1;3;3;5;5;18
90;GP;F;16;U;GT3;T;3;3;other;other;home;mother;1;3;0;no;yes;yes;no;yes;yes;yes;yes;4;3;3;1;3;4;0
91;GP;F;15;U;GT3;T;4;3;services;other;reputation;mother;1;1;0;no;no;yes;yes;yes;yes;yes;no;4;5;5;1;3;1;4
92;GP;F;16;U;LE3;T;3;1;other;other;home;father;1;2;0;yes;yes;no;no;yes;yes;no;no;3;3;3;2;3;2;4
93;GP;F;16;U;GT3;T;4;2;teacher;services;home;mother;2;2;0;no;yes;yes;yes;yes;yes;yes;no;5;3;3;1;1;1;0
94;GP;M;15;U;LE3;T;2;2;services;health;reputation;mother;1;4;0;no;yes;no;yes;yes;yes;yes;no;4;3;4;1;1;4;6
95;GP;F;15;R;GT3;T;1;1;at_home;other;home;mother;2;4;1;yes;yes;yes;yes;yes;yes;yes;no;3;1;2;1;1;1;2
96;GP;M;16;R;GT3;T;4;3;services;other;reputation;mother;2;1;0;yes;yes;no;yes;no;yes;yes;no;3;3;3;1;1;4;2
97;GP;F;16;U;GT3;T;2;1;other;other;course;mother;1;2;0;no;yes;yes;no;yes;yes;no;yes;4;3;5;1;1;5;2
98;GP;F;16;U;GT3;T;4;4;other;other;reputation;mother;1;1;0;no;no;no;yes;no;yes;yes;no;5;3;4;1;2;1;6
99;GP;F;16;U;GT3;T;4;3;other;at_home;course;mother;1;3;0;yes;yes;yes;no;yes;yes;yes;no;5;3;5;1;1;3;0
100;GP;M;16;U;GT3;T;4;4;services;services;other;mother;1;1;0;yes;yes;yes;yes;yes;yes;yes;no;4;5;5;5;5;4;14
101;GP;M;16;U;GT3;T;4;4;services;teacher;other;father;1;3;0;no;yes;no;yes;yes;yes;yes;yes;4;4;3;1;1;4;0
102;GP;M;15;U;GT3;T;4;4;services;other;course;mother;1;1;0;no;yes;no;yes;no;yes;yes;no;5;3;3;1;1;5;4
103;GP;F;15;U;GT3;T;3;2;services;other;home;mother;2;2;0;yes;yes;yes;no;yes;yes;yes;no;4;3;5;1;1;2;26
104;GP;M;15;U;GT3;A;3;4;services;other;course;mother;1;2;0;no;yes;yes;yes;yes;yes;yes;no;5;4;4;1;1;1;0
105;GP;F;15;U;GT3;A;3;3;other;health;reputation;father;1;4;0;yes;no;no;no;yes;yes;no;no;4;3;3;1;1;4;10
106;GP;F;15;U;GT3;T;2;2;other;other;course;mother;1;4;0;yes;yes;yes;no;yes;yes;yes;no;5;1;2;1;1;3;8
107;GP;M;16;U;GT3;T;3;3;services;other;home;father;1;3;0;no;yes;no;yes;yes;yes;yes;no;5;3;3;1;1;5;2
108;GP;M;15;R;GT3;T;4;4;other;other;home;father;4;4;0;no;yes;yes;yes;yes;yes;yes;yes;1;3;5;3;5;1;6
109;GP;F;16;U;LE3;T;4;4;health;health;other;mother;1;3;0;no;yes;yes;yes;yes;yes;yes;yes;5;4;5;1;1;4;4
110;GP;M;15;U;LE3;A;4;4;teacher;teacher;course;mother;1;1;0;no;no;no;yes;yes;yes;yes;no;5;5;3;1;1;4;6
111;GP;F;16;R;GT3;T;3;3;services;other;reputation;father;1;3;1;yes;yes;no;yes;yes;yes;yes;no;4;1;2;1;1;2;0
112;GP;F;16;U;GT3;T;2;2;at_home;other;home;mother;1;2;1;yes;no;no;yes;yes;yes;yes;no;3;1;2;1;1;5;6
113;GP;M;15;U;LE3;T;4;2;teacher;other;course;mother;1;1;0;no;no;no;no;yes;yes;yes;no;3;5;2;1;1;3;10
114;GP;M;15;R;GT3;T;2;1;health;services;reputation;mother;1;2;0;no;no;no;yes;yes;yes;yes;yes;5;4;2;1;1;5;8
115;GP;M;16;U;GT3;T;4;4;teacher;teacher;course;father;1;2;0;no;yes;no;yes;yes;yes;yes;no;5;4;4;1;2;5;2
116;GP;M;15;U;GT3;T;4;4;other;teacher;reputation;father;2;2;0;no;yes;no;yes;yes;yes;no;no;4;4;3;1;1;2;2
117;GP;M;16;U;GT3;T;3;3;other;services;home;father;2;1;0;no;no;no;yes;yes;yes;yes;no;5;4;2;1;1;5;0
118;GP;M;17;R;GT3;T;1;3;other;other;course;father;3;2;1;no;yes;no;yes;yes;yes;yes;no;5;2;4;1;4;5;20
119;GP;M;15;U;GT3;T;3;4;other;other;reputation;father;1;1;0;no;no;no;no;yes;yes;yes;no;3;4;3;1;2;4;6
120;GP;F;15;U;GT3;T;1;2;at_home;services;course;mother;1;2;0;no;no;no;no;no;yes;yes;no;3;2;3;1;2;1;2
121;GP;M;15;U;GT3;T;2;2;services;services;home;father;1;4;0;no;yes;yes;yes;yes;yes;yes;no;5;5;4;1;2;5;6
122;GP;F;16;U;LE3;T;2;4;other;health;course;father;2;2;0;no;yes;yes;yes;yes;yes;yes;yes;4;2;2;1;2;5;2
123;GP;M;16;U;GT3;T;4;4;health;other;course;mother;1;1;0;no;yes;no;yes;yes;yes;yes;no;3;4;4;1;4;5;18
124;GP;F;16;U;GT3;T;2;2;other;other;home;mother;1;2;0;no;no;yes;no;yes;yes;yes;yes;5;4;4;1;1;5;0
125;GP;M;15;U;GT3;T;3;4;services;services;home;father;1;1;0;yes;no;no;no;yes;yes;yes;no;5;5;5;3;2;5;0
126;GP;F;15;U;LE3;A;3;4;other;other;home;mother;1;2;0;yes;no;no;yes;yes;yes;yes;yes;5;3;2;1;1;1;0
127;GP;F;19;U;GT3;T;0;1;at_home;other;course;other;1;2;3;no;yes;no;no;no;no;no;no;3;4;2;1;1;5;2
128;GP;M;18;R;GT3;T;2;2;services;other;reputation;mother;1;1;2;no;yes;no;yes;yes;yes;yes;no;3;3;3;1;2;4;0
129;GP;M;16;R;GT3;T;4;4;teacher;teacher;course;mother;1;1;0;no;no;yes;yes;yes;yes;yes;no;3;5;5;2;5;4;8
130;GP;F;15;R;GT3;T;3;4;services;teacher;course;father;2;3;2;no;yes;no;no;yes;yes;yes;yes;4;2;2;2;2;5;0
131;GP;F;15;U;GT3;T;1;1;at_home;other;course;mother;3;1;0;no;yes;no;yes;no;yes;yes;yes;4;3;3;1;2;4;0
132;GP;F;17;U;LE3;T;2;2;other;other;course;father;1;1;0;no;yes;no;no;yes;yes;yes;yes;3;4;4;1;3;5;12
133;GP;F;16;U;GT3;A;3;4;services;other;course;father;1;1;0;no;no;no;no;yes;yes;yes;no;3;2;1;1;4;5;16
134;GP;M;15;R;GT3;T;3;4;at_home;teacher;course;mother;4;2;0;no;yes;no;no;yes;yes;no;yes;5;3;3;1;1;5;0
135;GP;F;15;U;GT3;T;4;4;services;at_home;course;mother;1;3;0;no;yes;no;yes;yes;yes;yes;yes;4;3;3;1;1;5;0
136;GP;M;17;R;GT3;T;3;4;at_home;other;course;mother;3;2;0;no;no;no;no;yes;yes;no;no;5;4;5;2;4;5;0
137;GP;F;16;U;GT3;A;3;3;other;other;course;other;2;1;2;no;yes;no;yes;no;yes;yes;yes;4;3;2;1;1;5;0
138;GP;M;16;U;LE3;T;1;1;services;other;course;mother;1;2;1;no;no;no;no;yes;yes;no;yes;4;4;4;1;3;5;0
139;GP;F;15;U;GT3;T;4;4;teacher;teacher;course;mother;2;1;0;no;no;no;yes;yes;yes;yes;no;4;3;2;1;1;5;0
140;GP;M;15;U;GT3;T;4;3;teacher;services;course;father;2;4;0;yes;yes;no;no;yes;yes;yes;no;2;2;2;1;1;3;0
141;GP;M;16;U;LE3;T;2;2;services;services;reputation;father;2;1;2;no;yes;no;yes;yes;yes;yes;no;2;3;3;2;2;2;8
142;GP;F;15;U;GT3;T;4;4;teacher;services;course;mother;1;3;0;no;yes;yes;yes;yes;yes;yes;no;4;2;2;1;1;5;2
143;GP;F;16;U;LE3;T;1;1;at_home;at_home;course;mother;1;1;0;no;no;no;no;yes;yes;yes;no;3;4;4;3;3;1;2
144;GP;M;17;U;GT3;T;2;1;other;other;home;mother;1;1;3;no;yes;no;no;yes;yes;yes;no;5;4;5;1;2;5;0
145;GP;F;15;U;GT3;T;1;1;other;services;course;father;1;2;0;no;yes;yes;no;yes;yes;yes;no;4;4;2;1;2;5;0
146;GP;F;15;U;GT3;T;3;2;health;services;home;father;1;2;3;no;yes;no;no;yes;yes;yes;no;3;3;2;1;1;3;0
147;GP;F;15;U;GT3;T;1;2;at_home;other;course;mother;1;2;0;no;yes;yes;no;no;yes;yes;no;4;3;2;1;1;5;2
148;GP;M;16;U;GT3;T;4;4;teacher;teacher;course;mother;1;1;0;no;yes;no;no;yes;no;yes;yes;3;3;2;2;1;5;0
149;GP;M;15;U;LE3;A;2;1;services;other;course;mother;4;1;3;no;no;no;no;yes;yes;yes;no;4;5;5;2;5;5;0
150;GP;M;18;U;LE3;T;1;1;other;other;course;mother;1;1;3;no;no;no;no;yes;no;yes;yes;2;3;5;2;5;4;0
151;GP;M;16;U;LE3;T;2;1;at_home;other;course;mother;1;1;1;no;no;no;yes;yes;yes;no;yes;4;4;4;3;5;5;6
152;GP;F;15;R;GT3;T;3;3;services;services;reputation;other;2;3;2;no;yes;yes;yes;yes;yes;yes;yes;4;2;1;2;3;3;8
153;GP;M;19;U;GT3;T;3;2;services;at_home;home;mother;1;1;3;no;yes;no;no;yes;no;yes;yes;4;5;4;1;1;4;0
154;GP;F;17;U;GT3;T;4;4;other;teacher;course;mother;1;1;0;yes;yes;no;no;yes;yes;no;yes;4;2;1;1;1;4;0
155;GP;M;15;R;GT3;T;2;3;at_home;services;course;mother;1;2;0;yes;no;yes;yes;yes;yes;no;no;4;4;4;1;1;1;2
156;GP;M;17;R;LE3;T;1;2;other;other;reputation;mother;1;1;0;no;no;no;no;yes;yes;no;no;2;2;2;3;3;5;8
157;GP;F;18;R;GT3;T;1;1;at_home;other;course;mother;3;1;3;no;yes;no;yes;no;yes;no;no;5;2;5;1;5;4;6
158;GP;M;16;R;GT3;T;2;2;at_home;other;course;mother;3;1;0;no;no;no;no;no;yes;no;no;4;2;2;1;2;3;2
159;GP;M;16;U;GT3;T;3;3;other;services;course;father;1;2;1;no;yes;yes;no;yes;yes;yes;yes;4;5;5;4;4;5;4
160;GP;M;17;R;LE3;T;2;1;at_home;other;course;mother;2;1;2;no;no;no;yes;yes;no;yes;yes;3;3;2;2;2;5;0
161;GP;M;15;R;GT3;T;3;2;other;other;course;mother;2;2;2;yes;yes;no;no;yes;yes;yes;yes;4;4;4;1;4;3;6
162;GP;M;16;U;LE3;T;1;2;other;other;course;mother;2;1;1;no;no;no;yes;yes;yes;no;no;4;4;4;2;4;5;0
163;GP;M;17;U;GT3;T;1;3;at_home;services;course;father;1;1;0;no;no;no;no;yes;no;yes;no;5;3;3;1;4;2;2
164;GP;M;17;R;LE3;T;1;1;other;services;course;mother;4;2;3;no;no;no;yes;yes;no;no;yes;5;3;5;1;5;5;0
165;GP;M;16;U;GT3;T;3;2;services;services;course;mother;2;1;1;no;yes;no;yes;no;no;no;no;4;5;2;1;1;2;16
166;GP;M;16;U;GT3;T;2;2;other;other;course;father;1;2;0;no;no;no;no;yes;no;yes;no;4;3;5;2;4;4;4
167;GP;F;16;U;GT3;T;4;2;health;services;home;father;1;2;0;no;no;yes;no;yes;yes;yes;yes;4;2;3;1;1;3;0
168;GP;F;16;U;GT3;T;2;2;other;other;home;mother;1;2;0;no;yes;yes;no;no;yes;yes;no;5;1;5;1;1;4;0
169;GP;F;16;U;GT3;T;4;4;health;health;reputation;mother;1;2;0;no;yes;yes;no;yes;yes;yes;yes;4;4;2;1;1;3;0
170;GP;M;16;U;GT3;T;3;4;other;other;course;father;3;1;2;no;yes;no;yes;no;yes;yes;no;3;4;5;2;4;2;0
171;GP;M;16;U;GT3;T;1;0;other;other;reputation;mother;2;2;0;no;yes;yes;yes;yes;yes;yes;yes;4;3;2;1;1;3;2
172;GP;M;17;U;LE3;T;4;4;teacher;other;reputation;mother;1;2;0;no;yes;yes;yes;yes;yes;yes;no;4;4;4;1;3;5;0
173;GP;F;16;U;GT3;T;1;3;at_home;services;home;mother;1;2;3;no;no;no;yes;no;yes;yes;yes;4;3;5;1;1;3;0
174;GP;F;16;U;LE3;T;3;3;other;other;reputation;mother;2;2;0;no;yes;yes;yes;yes;yes;yes;no;4;4;5;1;1;4;4
175;GP;M;17;U;LE3;T;4;3;teacher;other;course;mother;2;2;0;no;no;yes;yes;yes;yes;yes;no;4;4;4;4;4;4;4
176;GP;F;16;U;GT3;T;2;2;services;other;reputation;mother;2;2;0;no;no;yes;yes;no;yes;yes;no;3;4;4;1;4;5;2
177;GP;M;17;U;GT3;T;3;3;other;other;reputation;father;1;2;0;no;no;no;yes;no;yes;yes;no;4;3;4;1;4;4;4
178;GP;M;16;R;GT3;T;4;2;teacher;services;other;mother;1;1;0;no;yes;no;yes;yes;yes;yes;yes;4;3;3;3;4;3;10
179;GP;M;17;U;GT3;T;4;3;other;other;course;mother;1;2;0;no;yes;no;yes;yes;yes;yes;yes;5;2;3;1;1;2;4
180;GP;M;16;U;GT3;T;4;3;teacher;other;home;mother;1;2;0;no;yes;yes;yes;yes;yes;yes;no;3;4;3;2;3;3;10
181;GP;M;16;U;GT3;T;3;3;services;other;home;mother;1;2;0;no;no;yes;yes;yes;yes;yes;yes;4;2;3;1;2;3;2
182;GP;F;17;U;GT3;T;2;4;services;services;reputation;father;1;2;0;no;yes;no;yes;yes;yes;no;no;5;4;2;2;3;5;0
183;GP;F;17;U;LE3;T;3;3;other;other;reputation;mother;1;2;0;no;yes;no;yes;yes;yes;yes;yes;5;3;3;2;3;1;56
184;GP;F;16;U;GT3;T;3;2;other;other;reputation;mother;1;2;0;no;yes;yes;no;yes;yes;yes;no;1;2;2;1;2;1;14
185;GP;M;17;U;GT3;T;3;3;services;services;other;mother;1;2;0;no;yes;no;yes;yes;yes;yes;yes;4;3;4;2;3;4;12
186;GP;M;16;U;GT3;T;1;2;services;services;other;mother;1;1;0;no;yes;yes;yes;yes;yes;yes;yes;3;3;3;1;2;3;2
187;GP;M;16;U;LE3;T;2;1;other;other;course;mother;1;2;0;no;no;yes;yes;yes;yes;yes;yes;4;2;3;1;2;5;0
188;GP;F;17;U;GT3;A;3;3;health;other;reputation;mother;1;2;0;no;yes;no;no;no;yes;yes;yes;3;3;3;1;3;3;6
189;GP;M;17;R;GT3;T;1;2;at_home;other;home;mother;1;2;0;no;no;no;no;yes;yes;no;no;3;1;3;1;5;3;4
190;GP;F;16;U;GT3;T;2;3;services;services;course;mother;1;2;0;no;no;no;no;yes;yes;yes;no;4;3;3;1;1;2;10
191;GP;F;17;U;GT3;T;1;1;at_home;services;course;mother;1;2;0;no;no;no;yes;yes;yes;yes;no;5;3;3;1;1;3;0
192;GP;M;17;U;GT3;T;1;2;at_home;services;other;other;2;2;0;no;no;yes;yes;no;yes;yes;no;4;4;4;4;5;5;12
193;GP;M;16;R;GT3;T;3;3;services;services;reputation;mother;1;1;0;no;yes;no;yes;yes;yes;yes;no;4;3;2;3;4;5;8
194;GP;M;16;U;GT3;T;2;3;other;other;home;father;2;1;0;no;no;no;no;yes;yes;yes;no;5;3;3;1;1;3;0
195;GP;F;17;U;LE3;T;2;4;services;services;course;father;1;2;0;no;no;no;yes;yes;yes;yes;yes;4;3;2;1;1;5;0
196;GP;M;17;U;GT3;T;4;4;services;teacher;home;mother;1;1;0;no;no;no;no;yes;yes;yes;no;5;2;3;1;2;5;4
197;GP;M;16;R;LE3;T;3;3;teacher;other;home;father;3;1;0;no;yes;yes;yes;yes;yes;yes;no;3;3;4;3;5;3;8
198;GP;F;17;U;GT3;T;4;4;services;teacher;home;mother;2;1;1;no;yes;no;no;yes;yes;yes;no;4;2;4;2;3;2;24
199;GP;F;16;U;LE3;T;4;4;teacher;teacher;reputation;mother;1;2;0;no;yes;yes;no;yes;yes;yes;no;4;5;2;1;2;3;0
200;GP;F;16;U;GT3;T;4;3;health;other;home;mother;1;2;0;no;yes;no;yes;yes;yes;yes;no;4;3;5;1;5;2;2
201;GP;F;16;U;GT3;T;2;3;other;other;reputation;mother;1;2;0;yes;yes;yes;yes;yes;yes;no;no;4;4;3;1;3;4;6
202;GP;F;17;U;GT3;T;1;1;other;other;course;mother;1;2;0;no;yes;yes;no;no;yes;no;no;4;4;4;1;3;1;4
203;GP;F;17;R;GT3;T;2;2;other;other;reputation;mother;1;1;0;no;yes;no;no;yes;yes;yes;no;5;3;2;1;2;3;18
204;GP;F;16;R;GT3;T;2;2;services;services;reputation;mother;2;4;0;no;yes;yes;yes;no;yes;yes;no;5;3;5;1;1;5;6
205;GP;F;17;U;GT3;T;3;4;at_home;services;home;mother;1;3;1;no;yes;yes;no;yes;yes;yes;yes;4;4;3;3;4;5;28
206;GP;F;16;U;GT3;A;3;1;services;other;course;mother;1;2;3;no;yes;yes;no;yes;yes;yes;no;2;3;3;2;2;4;5
207;GP;F;16;U;GT3;T;4;3;teacher;other;other;mother;1;2;0;no;no;yes;yes;yes;yes;yes;yes;1;3;2;1;1;1;10
208;GP;F;16;U;GT3;T;1;1;at_home;other;home;mother;2;1;0;no;yes;yes;no;yes;yes;no;no;4;3;2;1;4;5;6
209;GP;F;17;R;GT3;T;4;3;teacher;other;reputation;mother;2;3;0;no;yes;yes;yes;yes;yes;yes;yes;4;4;2;1;1;4;6
210;GP;F;19;U;GT3;T;3;3;other;other;reputation;other;1;4;0;no;yes;yes;yes;yes;yes;yes;no;4;3;3;1;2;3;10
211;GP;M;17;U;LE3;T;4;4;services;other;home;mother;1;2;0;no;yes;yes;no;yes;yes;yes;yes;5;3;5;4;5;3;13
212;GP;F;16;U;GT3;A;2;2;other;other;reputation;mother;1;2;0;yes;yes;yes;no;yes;yes;yes;no;3;3;4;1;1;4;0
213;GP;M;18;U;GT3;T;2;2;services;other;home;mother;1;2;1;no;yes;yes;yes;yes;yes;yes;no;4;4;4;2;4;5;15
214;GP;F;17;R;LE3;T;4;4;services;other;other;mother;1;1;0;no;yes;yes;no;yes;yes;no;no;5;2;1;1;2;3;12
215;GP;F;17;U;LE3;T;3;2;other;other;reputation;mother;2;2;0;no;no;yes;no;yes;yes;yes;no;4;4;4;1;3;1;2
216;GP;F;17;U;GT3;T;4;3;other;other;reputation;mother;1;2;2;no;no;yes;no;yes;yes;yes;yes;3;4;5;2;4;1;22
217;GP;M;18;U;LE3;T;3;3;services;health;home;father;1;2;1;no;yes;yes;no;yes;yes;yes;no;3;2;4;2;4;4;13
218;GP;F;17;U;GT3;T;2;3;at_home;other;home;father;2;1;0;no;yes;yes;no;yes;yes;no;no;3;3;3;1;4;3;3
219;GP;F;17;U;GT3;T;2;2;at_home;at_home;course;mother;1;3;0;no;yes;yes;yes;yes;yes;yes;no;4;3;3;1;1;4;4
220;GP;F;17;R;GT3;T;2;1;at_home;services;reputation;mother;2;2;0;no;yes;no;yes;yes;yes;yes;no;4;2;5;1;2;5;2
221;GP;F;17;U;GT3;T;1;1;at_home;other;reputation;mother;1;3;1;no;yes;no;yes;yes;yes;no;yes;4;3;4;1;1;5;0
222;GP;F;16;U;GT3;T;2;3;services;teacher;other;mother;1;2;0;yes;no;no;no;yes;yes;yes;no;2;3;1;1;1;3;2
223;GP;M;18;U;GT3;T;2;2;other;other;home;mother;2;2;0;no;yes;yes;no;yes;yes;yes;no;3;3;3;5;5;4;0
224;GP;F;16;U;GT3;T;4;4;teacher;services;home;mother;1;3;0;no;yes;no;yes;no;yes;yes;no;5;3;2;1;1;5;0
225;GP;F;18;R;GT3;T;3;1;other;other;reputation;mother;1;2;1;no;no;no;yes;yes;yes;yes;yes;5;3;3;1;1;4;16
226;GP;F;17;U;GT3;T;3;2;other;other;course;mother;1;2;0;no;no;no;yes;no;yes;yes;no;5;3;4;1;3;3;10
227;GP;M;17;U;LE3;T;2;3;services;services;reputation;father;1;2;0;no;yes;yes;no;no;yes;yes;no;5;3;3;1;3;3;2
228;GP;M;18;U;LE3;T;2;1;at_home;other;course;mother;4;2;0;yes;yes;yes;yes;yes;yes;yes;yes;4;3;2;4;5;3;14
229;GP;F;17;U;GT3;A;2;1;other;other;course;mother;2;3;0;no;no;no;yes;yes;yes;yes;yes;3;2;3;1;2;3;10
230;GP;F;17;U;LE3;T;4;3;health;other;reputation;father;1;2;0;no;no;no;yes;yes;yes;yes;yes;3;2;3;1;2;3;14
231;GP;M;17;R;GT3;T;2;2;other;other;course;father;2;2;0;no;yes;yes;yes;yes;yes;yes;no;4;5;2;1;1;1;4
232;GP;M;17;U;GT3;T;4;4;teacher;teacher;reputation;mother;1;2;0;yes;yes;no;yes;yes;yes;yes;yes;4;5;5;1;3;2;14
233;GP;M;16;U;GT3;T;4;4;health;other;reputation;father;1;2;0;no;yes;yes;yes;yes;yes;yes;no;4;2;4;2;4;1;2
234;GP;M;16;U;LE3;T;1;1;other;other;home;mother;2;2;0;no;yes;yes;no;yes;yes;yes;no;3;4;2;1;1;5;18
235;GP;M;16;U;GT3;T;3;2;at_home;other;reputation;mother;2;3;0;no;no;no;yes;yes;yes;yes;yes;5;3;3;1;3;2;10
236;GP;M;17;U;LE3;T;2;2;other;other;home;father;1;2;0;no;no;yes;yes;no;yes;yes;yes;4;4;2;5;5;4;4
237;GP;F;16;U;GT3;T;2;1;other;other;home;mother;1;1;0;no;no;no;no;yes;yes;yes;yes;4;5;2;1;1;5;20
238;GP;F;17;R;GT3;T;2;1;at_home;services;course;mother;3;2;0;no;no;no;yes;yes;yes;no;no;2;1;1;1;1;3;2
239;GP;M;18;U;GT3;T;2;2;other;services;reputation;father;1;2;1;no;no;no;no;yes;no;yes;no;5;5;4;3;5;2;0
240;GP;M;17;U;LE3;T;4;3;health;other;course;mother;2;2;0;no;no;no;yes;yes;yes;yes;yes;2;5;5;1;4;5;14
241;GP;M;17;R;LE3;A;4;4;teacher;other;course;mother;2;2;0;no;yes;yes;no;yes;yes;yes;no;3;3;3;2;3;4;2
242;GP;M;16;U;LE3;T;4;3;teacher;other;course;mother;1;1;0;no;no;no;yes;no;yes;yes;no;5;4;5;1;1;3;0
243;GP;M;16;U;GT3;T;4;4;services;services;course;mother;1;1;0;no;no;no;yes;yes;yes;yes;no;5;3;2;1;2;5;0
244;GP;F;18;U;GT3;T;2;1;other;other;course;other;2;3;0;no;yes;yes;no;no;yes;yes;yes;4;4;4;1;1;3;0
245;GP;M;16;U;GT3;T;2;1;other;other;course;mother;3;1;0;no;no;no;no;yes;yes;yes;no;4;3;3;1;1;4;6
246;GP;M;17;U;GT3;T;2;3;other;other;course;father;2;1;0;no;no;no;no;yes;yes;yes;no;5;2;2;1;1;2;4
247;GP;M;22;U;GT3;T;3;1;services;services;other;mother;1;1;3;no;no;no;no;no;no;yes;yes;5;4;5;5;5;1;16
248;GP;M;18;R;LE3;T;3;3;other;services;course;mother;1;2;1;no;yes;no;no;yes;yes;yes;yes;4;3;3;1;3;5;8
249;GP;M;16;U;GT3;T;0;2;other;other;other;mother;1;1;0;no;no;yes;no;no;yes;yes;no;4;3;2;2;4;5;0
250;GP;M;18;U;GT3;T;3;2;services;other;course;mother;2;1;1;no;no;no;no;yes;no;yes;no;4;4;5;2;4;5;0
251;GP;M;16;U;GT3;T;3;3;at_home;other;reputation;other;3;2;0;yes;yes;no;no;no;yes;yes;no;5;3;3;1;3;2;6
252;GP;M;18;U;GT3;T;2;1;services;services;other;mother;1;1;1;no;no;no;no;no;no;yes;no;3;2;5;2;5;5;4
253;GP;M;16;R;GT3;T;2;1;other;other;course;mother;2;1;0;no;no;no;yes;no;yes;no;no;3;3;2;1;3;3;0
254;GP;M;17;R;GT3;T;2;1;other;other;course;mother;1;1;0;no;no;no;no;no;yes;yes;no;4;4;2;2;4;5;0
255;GP;M;17;U;LE3;T;1;1;health;other;course;mother;2;1;1;no;yes;no;yes;yes;yes;yes;no;4;4;4;1;2;5;2
256;GP;F;17;U;LE3;T;4;2;teacher;services;reputation;mother;1;4;0;no;yes;yes;yes;yes;yes;yes;no;4;2;3;1;1;4;6
257;GP;M;19;U;LE3;A;4;3;services;at_home;reputation;mother;1;2;0;no;yes;no;no;yes;yes;yes;no;4;3;1;1;1;1;12
258;GP;M;18;U;GT3;T;2;1;other;other;home;mother;1;2;0;no;no;no;yes;yes;yes;yes;no;5;2;4;1;2;4;8
259;GP;F;17;U;LE3;T;2;2;services;services;course;father;1;4;0;no;no;yes;yes;yes;yes;yes;yes;3;4;1;1;1;2;0
260;GP;F;18;U;GT3;T;4;3;services;other;home;father;1;2;0;no;yes;yes;no;yes;yes;yes;yes;3;1;2;1;3;2;21
261;GP;M;18;U;GT3;T;4;3;teacher;other;course;mother;1;2;0;no;yes;yes;no;no;yes;yes;no;4;3;2;1;1;3;2
262;GP;M;18;R;GT3;T;3;2;other;other;course;mother;1;3;0;no;no;no;yes;no;yes;no;no;5;3;2;1;1;3;1
263;GP;F;17;U;GT3;T;3;3;other;other;home;mother;1;3;0;no;no;no;yes;no;yes;no;no;3;2;3;1;1;4;4
264;GP;F;18;U;GT3;T;2;2;at_home;services;home;mother;1;3;0;no;yes;yes;yes;yes;yes;yes;yes;4;3;3;1;1;3;0
265;GP;M;18;R;LE3;A;3;4;other;other;reputation;mother;2;2;0;no;yes;yes;yes;yes;yes;yes;no;4;2;5;3;4;1;13
266;GP;M;17;U;GT3;T;3;1;services;other;other;mother;1;2;0;no;no;yes;yes;yes;yes;yes;yes;5;4;4;3;4;5;2
267;GP;F;18;R;GT3;T;4;4;teacher;other;reputation;mother;2;2;0;no;no;yes;yes;yes;yes;yes;no;4;3;4;2;2;4;8
268;GP;M;18;U;GT3;T;4;2;health;other;reputation;father;1;2;0;no;yes;yes;yes;yes;yes;yes;yes;5;4;5;1;3;5;10
269;GP;F;18;R;GT3;T;2;1;other;other;reputation;mother;2;2;0;no;yes;no;no;yes;no;yes;yes;4;3;5;1;2;3;0
270;GP;F;19;U;GT3;T;3;3;other;services;home;other;1;2;2;no;yes;yes;yes;yes;yes;yes;no;4;3;5;3;3;5;15
271;GP;F;18;U;GT3;T;2;3;other;services;reputation;father;1;4;0;no;yes;yes;yes;yes;yes;yes;yes;4;5;5;1;3;2;4
272;GP;F;18;U;LE3;T;1;1;other;other;home;mother;2;2;0;no;yes;yes;no;no;yes;no;no;4;4;3;1;1;3;2
273;GP;M;17;R;GT3;T;1;2;at_home;at_home;home;mother;1;2;0;no;yes;yes;yes;no;yes;no;yes;3;5;2;2;2;1;2
274;GP;F;17;U;GT3;T;2;4;at_home;health;reputation;mother;2;2;0;no;yes;yes;no;yes;yes;yes;yes;4;3;3;1;1;1;2
275;GP;F;17;U;LE3;T;2;2;services;other;course;mother;2;2;0;yes;yes;yes;no;yes;yes;yes;yes;4;4;4;2;3;5;6
276;GP;F;18;R;GT3;A;3;2;other;services;home;mother;2;2;0;no;no;no;no;no;no;yes;yes;4;1;1;1;1;5;75
277;GP;M;18;U;GT3;T;4;4;teacher;services;home;mother;2;1;0;no;no;yes;yes;yes;yes;yes;no;3;2;4;1;4;3;22
278;GP;F;18;U;GT3;T;4;4;health;health;reputation;father;1;2;1;yes;yes;no;yes;yes;yes;yes;yes;2;4;4;1;1;4;15
279;GP;M;18;U;LE3;T;4;3;teacher;services;course;mother;2;1;0;no;no;yes;yes;yes;yes;yes;no;4;2;3;1;2;1;8
280;GP;M;17;U;LE3;A;4;1;services;other;home;mother;2;1;0;no;no;yes;yes;yes;yes;yes;yes;4;5;4;2;4;5;30
281;GP;M;17;U;LE3;A;3;2;teacher;services;home;mother;1;1;1;no;no;no;no;yes;yes;yes;no;4;4;4;3;4;3;19
282;GP;F;18;R;LE3;T;1;1;at_home;other;reputation;mother;2;4;0;no;yes;yes;yes;yes;yes;no;no;5;2;2;1;1;3;1
283;GP;F;18;U;GT3;T;1;1;other;other;home;mother;2;2;0;yes;no;no;yes;yes;yes;yes;no;5;4;4;1;1;4;4
284;GP;F;17;U;GT3;T;2;2;other;other;course;mother;1;2;0;no;yes;no;no;no;yes;yes;no;5;4;5;1;2;5;4
285;GP;M;17;U;GT3;T;1;1;other;other;reputation;father;1;2;0;no;no;yes;no;no;yes;yes;no;4;3;3;1;2;4;2
286;GP;F;18;U;GT3;T;2;2;at_home;at_home;other;mother;1;3;0;no;yes;yes;no;yes;yes;yes;no;4;3;3;1;2;2;5
287;GP;F;17;U;GT3;T;1;1;services;teacher;reputation;mother;1;3;0;no;yes;yes;no;yes;yes;yes;no;4;3;3;1;1;3;6
288;GP;M;18;U;GT3;T;2;1;services;services;reputation;mother;1;3;0;no;no;yes;yes;yes;yes;yes;no;4;2;4;1;3;2;6
289;GP;M;18;U;LE3;A;4;4;teacher;teacher;reputation;mother;1;2;0;no;yes;yes;yes;yes;yes;yes;no;5;4;3;1;1;2;9
290;GP;M;18;U;GT3;T;4;2;teacher;other;home;mother;1;2;0;no;yes;yes;yes;yes;yes;yes;yes;4;3;2;1;4;5;11
291;GP;F;17;U;GT3;T;4;3;health;services;reputation;mother;1;3;0;no;yes;yes;no;yes;yes;yes;no;4;2;2;1;2;3;0
292;GP;F;18;U;LE3;T;2;1;services;at_home;reputation;mother;1;2;1;no;no;no;no;yes;yes;yes;yes;5;4;3;1;1;5;12
293;GP;F;17;R;LE3;T;3;1;services;other;reputation;mother;2;4;0;no;yes;yes;no;yes;yes;no;no;3;1;2;1;1;3;6
294;GP;M;18;R;LE3;T;3;2;services;other;reputation;mother;2;3;0;no;yes;yes;yes;yes;yes;yes;no;5;4;2;1;1;4;8
295;GP;M;17;U;GT3;T;3;3;health;other;home;mother;1;1;0;no;yes;yes;no;yes;yes;yes;no;4;4;3;1;3;5;4
296;GP;F;19;U;GT3;T;4;4;health;other;reputation;other;2;2;0;no;yes;yes;yes;yes;yes;yes;no;2;3;4;2;3;2;0
297;GP;F;18;U;LE3;T;4;3;other;other;home;other;2;2;0;no;yes;yes;no;yes;yes;yes;yes;4;4;5;1;2;2;10
298;GP;F;18;U;GT3;T;4;3;other;other;reputation;father;1;4;0;no;yes;yes;no;yes;yes;yes;no;4;3;3;1;1;3;0
299;GP;M;18;U;LE3;T;4;4;teacher;teacher;home;mother;1;1;0;no;yes;yes;no;yes;yes;yes;yes;1;4;2;2;2;1;5
300;GP;F;18;U;LE3;A;4;4;health;other;home;mother;1;2;0;no;yes;no;no;yes;yes;yes;yes;4;2;4;1;1;4;14
301;GP;M;17;U;LE3;T;4;4;other;teacher;home;father;2;1;0;no;no;yes;no;yes;yes;yes;no;4;1;1;2;2;5;0
302;GP;F;17;U;GT3;T;4;2;other;other;reputation;mother;2;3;0;no;yes;yes;no;yes;yes;yes;no;4;3;3;1;1;3;0
303;GP;F;17;U;GT3;T;3;2;health;health;reputation;father;1;4;0;no;yes;yes;yes;no;yes;yes;no;5;2;2;1;2;5;0
304;GP;M;19;U;GT3;T;3;3;other;other;home;other;1;2;1;no;yes;no;yes;yes;yes;yes;yes;4;4;4;1;1;3;20
305;GP;F;18;U;GT3;T;2;4;services;at_home;reputation;other;1;2;1;no;yes;yes;yes;yes;yes;yes;no;4;4;3;1;1;3;8
306;GP;M;20;U;GT3;A;3;2;services;other;course;other;1;1;0;no;no;no;yes;yes;yes;no;no;5;5;3;1;1;5;0
307;GP;M;19;U;GT3;T;4;4;teacher;services;reputation;other;2;1;1;no;yes;yes;no;yes;yes;yes;yes;4;3;4;1;1;4;38
308;GP;M;19;R;GT3;T;3;3;other;services;reputation;father;1;2;1;no;no;no;yes;yes;yes;no;yes;4;5;3;1;2;5;0
309;GP;F;19;U;LE3;T;1;1;at_home;other;reputation;other;1;2;1;yes;yes;no;yes;no;yes;yes;no;4;4;3;1;3;3;18
310;GP;F;19;U;LE3;T;1;2;services;services;home;other;1;2;1;no;no;no;yes;no;yes;no;yes;4;2;4;2;2;3;0
311;GP;F;19;U;GT3;T;2;1;at_home;other;other;other;3;2;0;no;yes;no;no;yes;no;yes;yes;3;4;1;1;1;2;20
312;GP;M;19;U;GT3;T;1;2;other;services;course;other;1;2;1;no;no;no;no;no;yes;yes;no;4;5;2;2;2;4;3
313;GP;F;19;U;LE3;T;3;2;services;other;reputation;other;2;2;1;no;yes;yes;no;no;yes;yes;yes;4;2;2;1;2;1;22
314;GP;F;19;U;GT3;T;1;1;at_home;health;home;other;1;3;2;no;no;no;no;no;yes;yes;yes;4;1;2;1;1;3;14
315;GP;F;19;R;GT3;T;2;3;other;other;reputation;other;1;3;1;no;no;no;no;yes;yes;yes;yes;4;1;2;1;1;3;40
316;GP;F;18;U;GT3;T;2;1;services;other;course;mother;2;2;0;no;yes;yes;yes;yes;yes;yes;no;5;3;3;1;2;1;0
317;GP;F;18;U;GT3;T;4;3;other;other;course;mother;1;3;0;no;yes;yes;yes;yes;yes;yes;yes;4;3;4;1;1;5;9
318;GP;F;17;R;GT3;T;3;4;at_home;services;course;father;1;3;0;no;yes;yes;yes;no;yes;yes;no;4;3;4;2;5;5;0
319;GP;F;18;U;GT3;T;4;4;teacher;other;course;mother;1;2;0;no;yes;yes;no;yes;yes;yes;no;4;4;4;3;3;5;2
320;GP;F;17;U;GT3;A;4;3;services;services;course;mother;1;2;0;no;yes;yes;no;yes;yes;yes;yes;5;2;2;1;2;5;23
321;GP;F;17;U;GT3;T;2;2;other;other;course;mother;1;2;0;no;yes;no;no;yes;yes;no;yes;4;2;2;1;1;3;12
322;GP;F;17;R;LE3;T;2;2;services;services;course;mother;1;3;0;no;yes;yes;yes;yes;yes;yes;no;3;3;2;2;2;3;3
323;GP;F;17;U;GT3;T;3;1;services;services;course;father;1;3;0;no;yes;no;no;no;yes;yes;no;3;4;3;2;3;5;1
324;GP;F;17;U;LE3;T;0;2;at_home;at_home;home;father;2;3;0;no;no;no;no;yes;yes;yes;no;3;3;3;2;3;2;0
325;GP;M;18;U;GT3;T;4;4;other;other;course;mother;1;3;0;no;no;no;yes;yes;yes;yes;no;4;3;3;2;2;3;3
326;GP;M;17;U;GT3;T;3;3;other;services;reputation;mother;1;1;0;no;no;no;yes;no;yes;yes;no;4;3;5;3;5;5;3
327;GP;M;17;R;GT3;T;2;2;services;other;course;mother;4;1;0;no;yes;no;no;yes;yes;yes;no;4;4;5;5;5;4;8
328;GP;F;17;U;GT3;T;4;4;teacher;services;course;mother;1;3;0;no;yes;yes;yes;yes;yes;yes;no;5;4;4;1;3;4;7
329;GP;F;17;U;GT3;T;4;4;teacher;teacher;course;mother;2;3;0;no;yes;yes;no;no;yes;yes;yes;4;3;3;1;2;4;4
330;GP;M;18;U;LE3;T;2;2;other;other;course;mother;1;4;0;no;yes;no;yes;yes;yes;yes;no;4;5;5;2;4;5;2
331;GP;F;17;R;GT3;T;2;4;at_home;other;course;father;1;3;0;no;yes;no;no;yes;yes;yes;yes;4;4;3;1;1;5;7
332;GP;F;18;U;GT3;T;3;3;services;services;home;mother;1;2;0;no;no;no;yes;yes;yes;yes;no;5;3;4;1;1;4;0
333;GP;F;18;U;LE3;T;2;2;other;other;home;other;1;2;0;no;no;no;yes;no;yes;yes;yes;4;3;3;1;1;2;0
334;GP;F;18;R;GT3;T;2;2;at_home;other;course;mother;2;4;0;no;no;no;yes;yes;yes;no;no;4;4;4;1;1;4;0
335;GP;F;17;U;GT3;T;3;4;services;other;course;mother;1;3;0;no;no;no;no;yes;yes;yes;no;4;4;5;1;3;5;16
336;GP;F;19;R;GT3;A;3;1;services;at_home;home;other;1;3;1;no;no;yes;no;yes;yes;no;no;5;4;3;1;2;5;12
337;GP;F;17;U;GT3;T;3;2;other;other;home;mother;1;2;0;no;yes;yes;no;yes;yes;yes;yes;4;3;2;2;3;2;0
338;GP;F;18;U;LE3;T;3;3;services;services;home;mother;1;4;0;no;yes;no;no;yes;yes;yes;no;5;3;3;1;1;1;7
339;GP;F;17;R;GT3;A;3;2;other;other;home;mother;1;2;0;no;yes;yes;no;yes;yes;yes;no;4;3;3;2;3;2;4
340;GP;F;19;U;GT3;T;2;1;services;services;home;other;1;3;1;no;no;yes;yes;yes;yes;yes;yes;4;3;4;1;3;3;4
341;GP;M;18;U;GT3;T;4;4;teacher;services;home;father;1;2;1;no;yes;no;yes;yes;yes;yes;no;4;3;3;2;2;2;0
342;GP;M;18;U;LE3;T;3;4;services;other;home;mother;1;2;0;no;no;no;yes;yes;yes;yes;yes;4;3;3;1;3;5;11
343;GP;F;17;U;GT3;A;2;2;at_home;at_home;home;father;1;2;1;no;yes;no;no;yes;yes;yes;yes;3;3;1;1;2;4;0
344;GP;F;18;U;GT3;T;2;3;at_home;other;course;mother;1;3;0;no;yes;no;no;yes;yes;yes;no;4;3;3;1;2;3;4
345;GP;F;18;U;GT3;T;3;2;other;services;other;mother;1;3;0;no;no;no;no;yes;yes;yes;yes;5;4;3;2;3;1;7
346;GP;M;18;R;GT3;T;4;3;teacher;services;course;mother;1;3;0;no;no;no;no;yes;yes;yes;yes;5;3;2;1;2;4;9
347;GP;M;18;U;GT3;T;4;3;teacher;other;course;mother;1;3;0;no;yes;yes;no;yes;yes;yes;yes;5;4;5;2;3;5;0
348;GP;F;17;U;GT3;T;4;3;health;other;reputation;mother;1;3;0;no;yes;yes;yes;yes;yes;yes;yes;4;4;3;1;3;4;0
349;MS;M;18;R;GT3;T;3;2;other;other;course;mother;2;1;1;no;yes;no;no;no;yes;yes;no;2;5;5;5;5;5;10
350;MS;M;19;R;GT3;T;1;1;other;services;home;other;3;2;3;no;no;no;no;yes;yes;yes;no;5;4;4;3;3;2;8
351;MS;M;17;U;GT3;T;3;3;health;other;course;mother;2;2;0;no;yes;yes;no;yes;yes;yes;no;4;5;4;2;3;3;2
352;MS;M;18;U;LE3;T;1;3;at_home;services;course;mother;1;1;1;no;no;no;no;yes;no;yes;yes;4;3;3;2;3;3;7
353;MS;M;19;R;GT3;T;1;1;other;other;home;other;3;1;1;no;yes;no;no;yes;yes;yes;no;4;4;4;3;3;5;4
354;MS;M;17;R;GT3;T;4;3;services;other;home;mother;2;2;0;no;yes;yes;yes;no;yes;yes;yes;4;5;5;1;3;2;4
355;MS;F;18;U;GT3;T;3;3;services;services;course;father;1;2;0;no;yes;no;no;yes;yes;no;yes;5;3;4;1;1;5;0
356;MS;F;17;R;GT3;T;4;4;teacher;services;other;father;2;2;0;no;yes;yes;yes;yes;yes;yes;no;4;3;3;1;2;5;4
357;MS;F;17;U;LE3;A;3;2;services;other;reputation;mother;2;2;0;no;no;no;no;yes;yes;no;yes;1;2;3;1;2;5;2
358;MS;M;18;U;LE3;T;1;1;other;services;home;father;2;1;0;no;no;no;no;no;yes;yes;yes;3;3;2;1;2;3;4
359;MS;F;18;U;LE3;T;1;1;at_home;services;course;father;2;3;0;no;no;no;no;yes;yes;yes;no;5;3;2;1;1;4;0
360;MS;F;18;R;LE3;A;1;4;at_home;other;course;mother;3;2;0;no;no;no;no;yes;yes;no;yes;4;3;4;1;4;5;0
361;MS;M;18;R;LE3;T;1;1;at_home;other;other;mother;2;2;1;no;no;no;yes;no;no;no;no;4;4;3;2;3;5;2
362;MS;F;18;U;GT3;T;3;3;services;services;other;mother;2;2;0;no;yes;no;no;yes;yes;yes;yes;4;3;2;1;3;3;0
363;MS;F;17;U;LE3;T;4;4;at_home;at_home;course;mother;1;2;0;no;yes;yes;yes;yes;yes;yes;yes;2;3;4;1;1;1;0
364;MS;F;17;R;GT3;T;1;2;other;services;course;father;2;2;0;no;no;no;no;no;yes;no;no;3;2;2;1;2;3;0
365;MS;M;18;R;GT3;T;1;3;at_home;other;course;mother;2;2;0;no;yes;yes;no;yes;yes;no;no;3;3;4;2;4;3;4
366;MS;M;18;U;LE3;T;4;4;teacher;services;other;mother;2;3;0;no;no;yes;no;yes;yes;yes;yes;4;2;2;2;2;5;0
367;MS;F;17;R;GT3;T;1;1;other;services;reputation;mother;3;1;1;no;yes;yes;no;yes;yes;yes;yes;5;2;1;1;2;1;0
368;MS;F;18;U;GT3;T;2;3;at_home;services;course;father;2;1;0;no;yes;yes;no;yes;yes;yes;yes;5;2;3;1;2;4;0
369;MS;F;18;R;GT3;T;4;4;other;teacher;other;father;3;2;0;no;yes;yes;no;no;yes;yes;yes;3;2;2;4;2;5;10
370;MS;F;19;U;LE3;T;3;2;services;services;home;other;2;2;2;no;no;no;yes;yes;yes;no;yes;3;2;2;1;1;3;4
371;MS;M;18;R;LE3;T;1;2;at_home;services;other;father;3;1;0;no;yes;yes;yes;yes;no;yes;yes;4;3;3;2;3;3;3
372;MS;F;17;U;GT3;T;2;2;other;at_home;home;mother;1;3;0;no;no;no;yes;yes;yes;no;yes;3;4;3;1;1;3;8
373;MS;F;17;R;GT3;T;1;2;other;other;course;mother;1;1;0;no;no;no;yes;yes;yes;yes;no;3;5;5;1;3;1;14
374;MS;F;18;R;LE3;T;4;4;other;other;reputation;mother;2;3;0;no;no;no;no;yes;yes;yes;no;5;4;4;1;1;1;0
375;MS;F;18;R;GT3;T;1;1;other;other;home;mother;4;3;0;no;no;no;no;yes;yes;yes;no;4;3;2;1;2;4;2
376;MS;F;20;U;GT3;T;4;2;health;other;course;other;2;3;2;no;yes;yes;no;no;yes;yes;yes;5;4;3;1;1;3;4
377;MS;F;18;R;LE3;T;4;4;teacher;services;course;mother;1;2;0;no;no;yes;yes;yes;yes;yes;no;5;4;3;3;4;2;4
378;MS;F;18;U;GT3;T;3;3;other;other;home;mother;1;2;0;no;no;yes;no;yes;yes;yes;yes;4;1;3;1;2;1;0
379;MS;F;17;R;GT3;T;3;1;at_home;other;reputation;mother;1;2;0;no;yes;yes;yes;no;yes;yes;no;4;5;4;2;3;1;17
380;MS;M;18;U;GT3;T;4;4;teacher;teacher;home;father;1;2;0;no;no;yes;yes;no;yes;yes;no;3;2;4;1;4;2;4
381;MS;M;18;R;GT3;T;2;1;other;other;other;mother;2;1;0;no;no;no;yes;no;yes;yes;yes;4;4;3;1;3;5;5
382;MS;M;17;U;GT3;T;2;3;other;services;home;father;2;2;0;no;no;no;yes;yes;yes;yes;no;4;4;3;1;1;3;2
383;MS;M;19;R;GT3;T;1;1;other;services;other;mother;2;1;1;no;no;no;no;yes;yes;no;no;4;3;2;1;3;5;0
384;MS;M;18;R;GT3;T;4;2;other;other;home;father;2;1;1;no;no;yes;no;yes;yes;no;no;5;4;3;4;3;3;14
385;MS;F;18;R;GT3;T;2;2;at_home;other;other;mother;2;3;0;no;no;yes;no;yes;yes;no;no;5;3;3;1;3;4;2
386;MS;F;18;R;GT3;T;4;4;teacher;at_home;reputation;mother;3;1;0;no;yes;yes;yes;yes;yes;yes;yes;4;4;3;2;2;5;7
387;MS;F;19;R;GT3;T;2;3;services;other;course;mother;1;3;1;no;no;no;yes;no;yes;yes;no;5;4;2;1;2;5;0
388;MS;F;18;U;LE3;T;3;1;teacher;services;course;mother;1;2;0;no;yes;yes;no;yes;yes;yes;no;4;3;4;1;1;1;0
389;MS;F;18;U;GT3;T;1;1;other;other;course;mother;2;2;1;no;no;no;yes;yes;yes;no;no;1;1;1;1;1;5;0
390;MS;M;20;U;LE3;A;2;2;services;services;course;other;1;2;2;no;yes;yes;no;yes;yes;no;no;5;5;4;4;5;4;11
391;MS;M;17;U;LE3;T;3;1;services;services;course;mother;2;1;0;no;no;no;no;no;yes;yes;no;2;4;5;3;4;2;3
392;MS;M;21;R;GT3;T;1;1;other;other;course;other;1;1;3;no;no;no;no;no;yes;no;no;5;5;3;3;3;3;3
393;MS;M;18;R;LE3;T;3;2;services;other;course;mother;3;1;0;no;no;no;no;no;yes;yes;no;4;4;1;3;4;5;0
394;MS;M;19;U;LE3;T;1;1;other;at_home;course;father;1;1;0;no;no;no;no;yes;yes;yes;no;3;2;3;3;3;5;5
